algorithm,dataset,n_features,n_neighbors,n_samples,time_construction_mean,time_construction_std,time_querying_mean,time_querying_std
brute,covertype,5,10,10000,0.00032019615173339844,4.670124399268242e-05,1.5477302074432373,0.012124021532285669
brute,covertype,5,10,50000,0.0009477933247884117,4.535401285862842e-05,7.2577269077301025,0.010302043376758548
brute,covertype,5,10,100000,0.0017573833465576172,7.748151423623721e-05,14.902288118998207,0.10501506794330942
brute,covertype,5,100,10000,0.00029095013936360675,8.373739614564163e-06,1.6256869633992512,0.00981330979772726
brute,covertype,5,100,50000,0.0009891192118326824,4.176674952020935e-06,7.372985204060871,0.13621355548248135
brute,covertype,5,100,100000,0.0018204053243001301,5.786988600515017e-05,14.86946702003479,0.13948947241792198
brute,covertype,10,10,10000,0.0003437201182047526,2.7725209418853413e-05,1.5539462566375732,0.0051688416669102
brute,covertype,10,10,50000,0.0011928876241048176,5.266634692669358e-05,8.176343520482384,0.7092747630251569
brute,covertype,10,10,100000,0.002274513244628907,9.499078123028315e-05,15.571324904759724,0.16209632529225207
brute,covertype,10,100,10000,0.0003585020701090495,3.0110251860258026e-05,1.6988116105397542,0.006048390756424381
brute,covertype,10,100,50000,0.001276254653930664,8.167150141146332e-05,7.866959253946941,0.1119898385704422
brute,covertype,10,100,100000,0.002231677373250325,2.8948855043498076e-05,15.147730906804405,0.5026547715182375
brute,covertype,15,10,10000,0.00039688746134440095,5.8947543894716066e-05,1.5531795024871826,0.006486046411508449
brute,covertype,15,10,50000,0.0012788772583007812,2.9619610508879266e-05,7.178420464197796,0.008298620369604449
brute,covertype,15,10,100000,0.002526919047037761,0.00016695797125042887,14.641716718673706,0.029716034478724174
brute,covertype,15,100,10000,0.0003606478373209636,9.385203007529274e-06,1.6012963453928633,0.005072107200045153
brute,covertype,15,100,50000,0.0012985070546468098,5.077563236542794e-06,7.246649901072184,0.02327354312111132
brute,covertype,15,100,100000,0.0025163491566975913,4.853456406997741e-05,14.712244192759194,0.047851231104160265
brute,covertype,20,10,10000,0.0004412333170572917,6.867126517375e-05,1.5518994331359863,0.004227569294682839
brute,covertype,20,10,50000,0.0014971097310384116,3.4553607649900604e-05,7.5094828605651855,0.005202445954697507
brute,covertype,20,10,100000,0.0028177897135416665,7.24552802282518e-05,14.79467042287191,0.05658260068107701
brute,covertype,20,100,10000,0.0004274845123291016,5.6028196997421176e-05,1.6021149158477783,0.003560864678304739
brute,covertype,20,100,50000,0.0016689300537109375,0.00019325626270982004,7.5439839363098145,0.005729424669533374
brute,covertype,20,100,100000,0.0029551188151041665,7.756054385492954e-05,14.983163197835289,0.19293235472020231
brute,covertype,25,10,10000,0.00042049090067545575,2.687287526630828e-05,1.5405641396840413,0.007797955268357371
brute,covertype,25,10,50000,0.0015327930450439453,3.554916156695519e-05,7.465614000956219,0.006887628246752264
brute,covertype,25,10,100000,0.002925316492716471,2.5220083134492755e-05,14.716389258702595,0.02344373663714719
brute,covertype,25,100,10000,0.0004211266835530599,1.5681749324061822e-05,1.5972054799397786,0.007796936708883558
brute,covertype,25,100,50000,0.0015649000803629554,2.554554913077685e-05,7.508025566736858,0.013018810980537514
brute,covertype,25,100,100000,0.0031899611155192056,0.00031093940947597167,14.754918257395424,0.017934594455611002
brute,covertype,30,10,10000,0.0004568894704182944,3.894640446501652e-05,1.548032522201538,0.004364598689938245
brute,covertype,30,10,50000,0.0016059080759684243,8.75127908329688e-05,7.4969877401987715,0.011371492832927651
brute,covertype,30,10,100000,0.00303951899210612,8.269432696413466e-05,14.813384532928467,0.044122504779869176
brute,covertype,30,100,10000,0.0004380544026692708,1.2901556584199593e-05,1.6063400904337566,0.006091084326191606
brute,covertype,30,100,50000,0.0016465187072753904,1.1345985894290684e-05,7.5498367945353175,0.01219935440329081
brute,covertype,30,100,100000,0.0031277338663736978,8.849501875211367e-05,14.864838202794392,0.03238172669230843
brute,creditcard,5,10,10000,0.0002849102020263672,2.799160026824793e-05,1.2899439334869385,0.0034924008284276885
brute,creditcard,5,10,50000,0.0008545716603597006,2.7033157875938322e-05,7.338437159856159,0.005408223397973046
brute,creditcard,5,10,100000,0.0015878677368164062,5.816729302136224e-05,14.191318194071453,0.015293595365552191
brute,creditcard,5,100,10000,0.00027680397033691406,3.123253052930613e-05,1.3455057938893635,0.006196283395458662
brute,creditcard,5,100,50000,0.0008401870727539062,3.49384240089556e-05,7.393700917561848,0.0049208554226901
brute,creditcard,5,100,100000,0.0015308856964111328,7.376759710847116e-05,14.229569832483929,0.0090656022860226
brute,creditcard,10,10,10000,0.00028451283772786457,2.0343810282002588e-05,1.3550431728363037,0.004434368404246097
brute,creditcard,10,10,50000,0.0009128252665201825,3.8201736506220095e-05,7.466035842895508,0.025473481985997148
brute,creditcard,10,10,100000,0.0016748905181884766,5.894422230569237e-05,14.956350882848106,0.0774961612251922
brute,creditcard,10,100,10000,0.0002814928690592448,1.0856702398776524e-05,1.4133452574412029,0.006769765375354596
brute,creditcard,10,100,50000,0.000911553700764974,5.053324138783523e-05,7.511634508768719,0.0049131864068233
brute,creditcard,10,100,100000,0.0016568501790364587,7.648997488005181e-05,14.880338748296099,0.00593226156866963
brute,creditcard,15,10,10000,0.00029126803080240887,1.911945895569295e-05,1.4182829062143962,0.005360727811691188
brute,creditcard,15,10,50000,0.0009198188781738279,3.634143632015682e-05,7.542227824529013,0.000693746838348032
brute,creditcard,15,10,100000,0.0017193158467610676,3.190555714652557e-05,15.162028392155964,0.013815156661726172
brute,creditcard,15,100,10000,0.00031145413716634124,3.721434929409636e-05,1.4778114159901936,0.003551974791008335
brute,creditcard,15,100,50000,0.0009738604227701825,7.691043225565494e-05,7.5927309195200605,0.011573024191999879
brute,creditcard,15,100,100000,0.0016906261444091795,3.982518139386518e-05,15.229690154393516,0.017935887518519683
brute,creditcard,20,10,10000,0.00034157435099283856,5.959330556881955e-05,1.3539083798726397,0.0104507456567167
brute,creditcard,20,10,50000,0.001037915547688802,7.81902283435317e-05,7.4805967807769775,0.013906166680848932
brute,creditcard,20,10,100000,0.0019423166910807288,4.9089659149798325e-05,15.230840841929115,0.05376387529313541
brute,creditcard,20,100,10000,0.0003399054209391276,2.5944450320019746e-05,1.4809827009836831,0.07534351663859938
brute,creditcard,20,100,50000,0.00103759765625,6.406439279506701e-05,7.5404705206553135,0.021400041902042883
brute,creditcard,20,100,100000,0.0021249453226725268,0.00022308219994490104,15.254301706949867,0.0379346273361211
brute,creditcard,25,10,10000,0.0003429253896077474,3.585344761650085e-05,1.3535521030426023,0.005061177836385433
brute,creditcard,25,10,50000,0.0011680126190185547,8.82511665677548e-05,7.530943314234418,0.02547395375123455
brute,creditcard,25,10,100000,0.0021591981252034507,2.37943918544792e-05,15.191359202067055,0.022870363166158262
brute,creditcard,25,100,10000,0.0003453890482584636,9.00606699835972e-06,1.396366278330485,0.0034948749196197287
brute,creditcard,25,100,50000,0.0011785030364990234,5.7721264382220996e-05,7.575234095255535,0.040348920743729436
brute,creditcard,25,100,100000,0.002144416173299154,2.756482657259051e-05,15.23373317718506,0.030036966590701483
brute,creditcard,30,10,10000,0.00026226043701171875,2.131680769658767e-05,1.3056263128916423,0.01330988155244888
brute,creditcard,30,10,50000,0.0007861455281575521,7.665724813252101e-05,7.488548199335733,0.014238237836892697
brute,creditcard,30,10,100000,0.0014014244079589846,6.0315973860199643e-05,15.205909649531044,0.03285290156674682
brute,creditcard,30,100,10000,0.00026090939839681,1.0891551736418339e-05,1.3705379168192546,0.021611732053483358
brute,creditcard,30,100,50000,0.0007969538370768229,5.985725702268825e-05,7.584959189097088,0.016215193329688637
brute,creditcard,30,100,100000,0.0014387766520182292,9.328827452497978e-05,15.650190909703571,0.5643958669927072
brute,mnist_pca,5,10,10000,0.00014789899190266928,3.6747067838341063e-06,1.4999202092488606,0.010012789213124023
brute,mnist_pca,5,10,50000,0.00024088223775227865,1.9164991754154903e-05,7.2671981652577715,0.008311167985832748
brute,mnist_pca,5,100,10000,0.00014416376749674478,1.1708162219176546e-05,1.5454543431599934,0.0031483629731650226
brute,mnist_pca,5,100,50000,0.00024127960205078125,9.613916947200753e-06,7.351608117421467,0.022097891338136545
brute,mnist_pca,10,10,10000,0.00017817815144856772,9.743774492895826e-06,1.4693793455759685,0.004871137702477557
brute,mnist_pca,10,10,50000,0.0003812313079833984,2.6197851807455446e-05,7.398951689402263,0.0153021331261424
brute,mnist_pca,10,100,10000,0.0001884301503499349,2.9156901562760893e-06,1.524324893951416,0.005895024718715538
brute,mnist_pca,10,100,50000,0.0003641446431477864,3.9396260488101657e-05,7.434083541234332,0.00505287724869715
brute,mnist_pca,15,10,10000,0.00021266937255859367,5.7451787223586475e-06,1.4981578985850017,0.0049255821918491715
brute,mnist_pca,15,10,50000,0.00047270456949869793,3.658014094907616e-05,7.674997488657635,0.005019144613117472
brute,mnist_pca,15,100,10000,0.00021560986836751303,1.2364608080883827e-05,1.5584242343902588,0.006600790750400666
brute,mnist_pca,15,100,50000,0.0004665851593017578,3.260208799251917e-05,7.726597547531128,0.0059968991626788894
brute,mnist_pca,20,10,10000,0.00025582313537597656,1.2152333199858341e-05,1.4920745690663657,0.002189867448745895
brute,mnist_pca,20,10,50000,0.0005872249603271482,5.3449383018950645e-05,7.689067681630451,0.0065718701714264655
brute,mnist_pca,20,100,10000,0.00025542577107747405,6.608205320354273e-06,1.5465536117553709,0.006529074823481214
brute,mnist_pca,20,100,50000,0.0005902449289957683,4.088088846871099e-05,7.733587821324665,0.010869094348621688
brute,mnist_pca,25,10,10000,0.0002772013346354167,6.132298063869612e-06,1.4865401585896807,0.004756384844843917
brute,mnist_pca,25,10,50000,0.0006781419118245442,4.682334248769143e-05,7.726830641428631,0.031620786557587995
brute,mnist_pca,25,100,10000,0.00029460589090983075,9.246898606425464e-06,1.5471353530883791,0.012208458306672228
brute,mnist_pca,25,100,50000,0.0006836255391438802,4.554786429930037e-05,7.760565916697184,0.01671770169039491
brute,mnist_pca,30,10,10000,0.00032202402750651043,1.1474405864901648e-05,1.4834126631418865,0.005200881130871264
brute,mnist_pca,30,10,50000,0.0008119742075602213,6.79344677874736e-05,7.72396445274353,0.007977405630064861
brute,mnist_pca,30,100,10000,0.00032639503479003906,4.269401556194081e-06,1.5348165829976397,0.005604986766840852
brute,mnist_pca,30,100,50000,0.0008097489674886067,4.719898423312199e-05,7.7834683259328195,0.009186363736057707
brute,low_intrinsic_dim_data,5,10,10000,0.0002906322479248047,2.1758444059384923e-05,1.3148040771484375,0.0019251106361005453
brute,low_intrinsic_dim_data,5,10,50000,0.0009199778238932293,4.314183292146971e-05,6.965633312861126,0.011802464698197294
brute,low_intrinsic_dim_data,5,10,100000,0.0016655921936035154,1.7849045209997704e-05,13.903525431950884,0.009685181081034864
brute,low_intrinsic_dim_data,5,100,10000,0.00026917457580566406,4.7723435707099994e-06,1.3788206577301023,0.01079543257545711
brute,low_intrinsic_dim_data,5,100,50000,0.0009167194366455078,1.4498515887747547e-05,7.012485583623249,0.0037492516535152006
brute,low_intrinsic_dim_data,5,100,100000,0.001713275909423828,2.3330936093759665e-05,13.961928288141884,0.0029464025904111586
brute,low_intrinsic_dim_data,10,10,10000,0.0003239313761393228,1.809609405705237e-05,1.3251659870147705,0.002750193767624933
brute,low_intrinsic_dim_data,10,10,50000,0.0011015733083089194,2.4821754593438172e-05,6.969471772511799,0.002080689538298498
brute,low_intrinsic_dim_data,10,10,100000,0.002037604649861654,1.8501991791443528e-06,13.919530232747395,0.006225440577450972
brute,low_intrinsic_dim_data,10,100,10000,0.0003274281819661458,2.3176389807148995e-05,1.3911209106445312,0.011625661713965951
brute,low_intrinsic_dim_data,10,100,50000,0.0011313756306966145,1.9890772411901998e-05,7.104214747746784,0.0771545823967819
brute,low_intrinsic_dim_data,10,100,100000,0.0021009445190429688,2.1463852451518626e-05,13.977342764536536,0.022386210615727552
brute,low_intrinsic_dim_data,15,10,10000,0.000379482905069987,1.692865187055597e-05,1.3234646320343018,0.00619200267176411
brute,low_intrinsic_dim_data,15,10,50000,0.0013318856557210286,2.864354454489156e-05,6.995681603749592,0.015886326168523267
brute,low_intrinsic_dim_data,15,10,100000,0.002511024475097656,1.002681705021501e-05,13.961697816848755,0.005872950190726085
brute,low_intrinsic_dim_data,15,100,10000,0.00036843617757161457,9.267366937984698e-06,1.386657953262329,0.00651625147228726
brute,low_intrinsic_dim_data,15,100,50000,0.0013833045959472654,3.167529381877673e-05,7.057412147521973,0.009038490415894595
brute,low_intrinsic_dim_data,15,100,100000,0.002635717391967773,5.550904757576878e-05,14.030790885289507,0.00319630065139627
brute,low_intrinsic_dim_data,20,10,10000,0.00043161710103352874,1.1800047138349224e-05,1.331568956375122,0.004484488723185335
brute,low_intrinsic_dim_data,20,10,50000,0.0015979607899983725,3.0460610797052974e-05,7.023406346638996,0.004379774625219622
brute,low_intrinsic_dim_data,20,10,100000,0.003032604853312175,1.807933323771936e-05,14.041707277297974,0.00679427636504312
brute,low_intrinsic_dim_data,20,100,10000,0.0004309813181559245,1.3250773748185688e-05,1.3882316748301191,0.0056884485840265715
brute,low_intrinsic_dim_data,20,100,50000,0.001651763916015625,2.7866090455089173e-05,7.073249101638794,0.009368670102503385
brute,low_intrinsic_dim_data,20,100,100000,0.003102302551269531,5.172895702666206e-05,14.109262863794966,0.06349111471288423
brute,low_intrinsic_dim_data,25,10,10000,0.000486453374226888,5.2543882520496414e-05,1.3380804061889648,0.00865520642177333
brute,low_intrinsic_dim_data,25,10,50000,0.0017879803975423176,7.136972543838279e-05,7.033327579498291,0.003735854915741661
brute,low_intrinsic_dim_data,25,10,100000,0.003352006276448568,8.204586510120703e-06,14.090203205744428,0.014151856484592171
brute,low_intrinsic_dim_data,25,100,10000,0.000467220942179362,2.253220258925037e-05,1.3911201159159343,0.005769491773139644
brute,low_intrinsic_dim_data,25,100,50000,0.001864910125732421,5.138385947804412e-05,7.10124945640564,0.010426494047632958
brute,low_intrinsic_dim_data,25,100,100000,0.0034788449605305987,0.00013010641645867777,14.151877085367836,0.00932853021416773
brute,low_intrinsic_dim_data,30,10,10000,0.0005052089691162108,2.3091755336633748e-05,1.336910327275594,0.005443754706106413
brute,low_intrinsic_dim_data,30,10,50000,0.001935640970865885,3.665362040562663e-05,7.068996747334797,0.00690606010397601
brute,low_intrinsic_dim_data,30,10,100000,0.0036706924438476562,1.4464497122967925e-05,14.135384241739905,0.01844511040763555
brute,low_intrinsic_dim_data,30,100,10000,0.0004953543345133463,1.536562065801706e-05,1.3948105176289876,0.0068544281228015355
brute,low_intrinsic_dim_data,30,100,50000,0.0019872983296712237,3.356220821126985e-05,7.112074136734009,0.005587105371069193
brute,low_intrinsic_dim_data,30,100,100000,0.003736257553100586,4.4660494585266353e-05,14.2279478708903,0.012401097474154951
brute,standard_normal_data,5,10,10000,0.0002823670705159505,8.13500899967778e-06,1.4633355140686035,0.01094248415726772
brute,standard_normal_data,5,10,50000,0.0009240309397379557,1.6759919816884487e-05,6.400051593780518,0.04128005477672975
brute,standard_normal_data,5,10,100000,0.0017574628194173176,4.796949158547483e-05,14.241827249526978,0.004957131078728518
brute,standard_normal_data,5,100,10000,0.00028077761332194007,4.158489053074878e-06,1.5159989992777507,0.0051510319442107395
brute,standard_normal_data,5,100,50000,0.0009437402089436847,6.448574948342894e-06,6.4253428777058925,0.0039611796856283965
brute,standard_normal_data,5,100,100000,0.0018693606058756511,0.00018187512834092438,14.295104344685875,0.019769005347538195
brute,standard_normal_data,10,10,10000,0.0003286997477213542,9.125200967411884e-06,1.5388583342234294,0.004690317795883122
brute,standard_normal_data,10,10,50000,0.0011157194773356116,1.530507801972799e-05,6.3229134877522775,0.033418244711580385
brute,standard_normal_data,10,10,100000,0.002076943715413412,1.793200782288927e-05,14.093932151794435,0.002631198593658459
brute,standard_normal_data,10,100,10000,0.0003246466318766276,8.246051226398266e-06,1.6016311645507812,0.004780615171798413
brute,standard_normal_data,10,100,50000,0.0011707146962483725,1.3309272145430636e-05,6.321338653564452,0.005283437878438024
brute,standard_normal_data,10,100,100000,0.0022269090016682944,0.00011114949259726101,14.1391712029775,0.00885532573522234
brute,standard_normal_data,15,10,10000,0.0003825823465983073,1.062739654576776e-05,1.5435105959574382,0.0027114034246181924
brute,standard_normal_data,15,10,50000,0.0013587474822998047,3.725794122322791e-05,6.642499526341755,0.005068476598291728
brute,standard_normal_data,15,10,100000,0.0025952657063802085,4.279921561026685e-05,14.51460862159729,0.05126080993218162
brute,standard_normal_data,15,100,10000,0.0003830591837565103,1.7298450472633418e-05,1.5981416702270508,0.006339460057025235
brute,standard_normal_data,15,100,50000,0.0014034112294514973,2.3475319591436968e-05,6.6923439502716064,0.014704959626187588
brute,standard_normal_data,15,100,100000,0.002614577611287435,2.068646632595864e-05,14.504087924957275,0.00399561684642168
brute,standard_normal_data,20,10,10000,0.0004321734110514323,2.179440845427491e-05,1.5299162069956462,0.01241930811778465
brute,standard_normal_data,20,10,50000,0.0015959739685058596,1.984563179846517e-05,6.612446149190268,0.011296233298379057
brute,standard_normal_data,20,10,100000,0.003068606058756511,2.9970225910005627e-05,14.373485724131264,0.008043732316320934
brute,standard_normal_data,20,100,10000,0.0004285176595052083,1.0559428207208448e-05,1.5842492580413818,0.005388224455342781
brute,standard_normal_data,20,100,50000,0.0016886393229166667,3.1234552693653525e-05,6.670511802037558,0.02455466073505384
brute,standard_normal_data,20,100,100000,0.003125747044881185,2.8724134605401073e-05,14.403212785720825,0.009648236572945956
brute,standard_normal_data,25,10,10000,0.0004755655924479167,3.630718269506732e-05,1.4811943372090657,0.003585518843802874
brute,standard_normal_data,25,10,50000,0.001773834228515625,5.2141585446621196e-05,6.608046452204388,0.012081930920366352
brute,standard_normal_data,25,10,100000,0.003336668014526367,5.751771012217912e-06,14.14915418624878,0.04372230664090178
brute,standard_normal_data,25,100,10000,0.0004641215006510417,7.052068885637607e-06,1.5447156429290771,0.00021445509324504342
brute,standard_normal_data,25,100,50000,0.0018456776936848962,2.219243143238024e-05,6.706658601760862,0.0458061266780811
brute,standard_normal_data,25,100,100000,0.0034569104512532554,5.3282270442005876e-05,14.17267608642578,0.003402049256372917
brute,standard_normal_data,30,10,10000,0.0005257129669189453,2.877663854525492e-05,1.5113035043080647,0.008615094140729385
brute,standard_normal_data,30,10,50000,0.0019534428914388022,4.2150145202112013e-05,6.9138745466868095,0.0031452785618563393
brute,standard_normal_data,30,10,100000,0.0037049452463785815,3.392606928255171e-05,14.173837343851723,0.017697604257671126
brute,standard_normal_data,30,100,10000,0.0005053679148356119,3.006490949567041e-05,1.5657531420389812,0.007694773628261172
brute,standard_normal_data,30,100,50000,0.0020253658294677734,2.769763132373353e-05,6.9893942674001055,0.0003403282111485383
brute,standard_normal_data,30,100,100000,0.0037871201833089203,2.7513912637909668e-05,14.260670979817707,0.0300870094721759
kd_tree,covertype,5,10,10000,0.005992492039998372,0.00011345891260513532,0.10844906171162924,0.0019583029288195693
kd_tree,covertype,5,10,50000,0.03618375460306803,0.0007433924006439817,0.14183513323465982,0.001816476865816632
kd_tree,covertype,5,10,100000,0.08476742108662923,0.0012303016942364472,0.15462621053059894,0.0017484553827735749
kd_tree,covertype,5,100,10000,0.005913178126017253,0.00037974246370622855,0.38369178771972656,0.0053668259302816
kd_tree,covertype,5,100,50000,0.035008907318115234,0.0004382823952650756,0.4880942503611247,0.0026298397878690913
kd_tree,covertype,5,100,100000,0.08416342735290527,0.0022137115725310093,0.5351206461588541,0.004226292703310379
kd_tree,covertype,10,10,10000,0.009269316991170248,0.0001919849806925873,0.4168423811594645,0.0023187096882951786
kd_tree,covertype,10,10,50000,0.05622641245524088,0.0012833384230402556,0.5736480553944906,0.004739759435009414
kd_tree,covertype,10,10,100000,0.12325461705525716,0.0043236741588243135,0.8049074808756509,0.004287709939746765
kd_tree,covertype,10,100,10000,0.009053071339925127,0.0006424762243507671,1.0238659381866455,0.019195494194036898
kd_tree,covertype,10,100,50000,0.05662639935811361,0.0025895460873004037,1.6588963667551675,0.02384306715468286
kd_tree,covertype,10,100,100000,0.119613250096639,0.005487351163251542,2.4570253690083823,0.002234241391271584
kd_tree,covertype,15,10,10000,0.08686343828837077,0.0015044599792749444,1.113338311513265,0.0022942048534370595
kd_tree,covertype,15,10,50000,2.1130584081014,0.0763799326747599,2.362116018931071,0.02910275608505566
kd_tree,covertype,15,10,100000,13.104323705037437,0.34368920145331816,5.012802680333455,0.004856250951157757
kd_tree,covertype,15,100,10000,0.0865322748819987,0.0017086581407387675,1.974812110265096,0.01148386629223702
kd_tree,covertype,15,100,50000,2.0185354550679526,0.09996844843158266,4.905890703201294,0.169212933195199
kd_tree,covertype,15,100,100000,13.062562386194866,0.4181301334040653,12.802302122116089,0.051769173753455015
kd_tree,covertype,20,10,10000,0.1209241549173991,0.0005212277412321014,2.2590016523996987,0.012912212884809956
kd_tree,covertype,20,10,50000,3.0696922938028965,0.17650640633608453,11.988334337870278,0.3698882140775478
kd_tree,covertype,20,10,100000,19.77199872334798,0.20633576455381028,30.018548329671226,0.0974855633157002
kd_tree,covertype,20,100,10000,0.1212155818939209,0.0012152537296221935,2.644350210825602,0.017563800691636575
kd_tree,covertype,20,100,50000,3.08026123046875,0.1644933888230039,13.57538366317749,0.20278053613914224
kd_tree,covertype,20,100,100000,21.518867572148643,1.1010998184581533,36.27683305740357,0.12546724015088473
kd_tree,covertype,25,10,10000,0.16586891810099286,0.00011650260432187407,2.8283275763193765,0.018027128273721056
kd_tree,covertype,25,10,50000,3.8104925950368247,0.13769005734952594,15.894875605901088,0.2860093123040872
kd_tree,covertype,25,10,100000,25.295564095179238,0.3233986196926669,31.835978349049892,0.03975751781181158
kd_tree,covertype,25,100,10000,0.18888521194458008,0.0059521049752340755,3.4158166249593105,0.023948672603340743
kd_tree,covertype,25,100,50000,4.514839967091878,0.010320918901748485,16.787676493326824,0.0028251152117637827
kd_tree,covertype,25,100,100000,25.254735469818115,0.2302550393301166,33.20158871014913,0.08720608762170366
kd_tree,covertype,30,10,10000,0.1856374740600586,0.0011122950805965985,3.508565584818521,0.02244638836906846
kd_tree,covertype,30,10,50000,4.427913824717204,0.015754352938320896,18.964071194330852,0.004226915551425545
kd_tree,covertype,30,10,100000,24.848040103912354,0.9168771406586228,37.00593058268229,0.018204762528793054
kd_tree,covertype,30,100,10000,0.15479389826456705,0.0007897875729555838,3.9458301067352295,0.017083570287356784
kd_tree,covertype,30,100,50000,4.034903526306152,0.27750412760140186,19.858822186787922,0.058815000462166214
kd_tree,covertype,30,100,100000,26.527951320012413,0.9273457713898036,38.87860655784607,0.6164729074619438
kd_tree,creditcard,5,10,10000,0.0063229401906331395,0.0006329065766016148,0.09690507253011067,0.0004570182690743328
kd_tree,creditcard,5,10,50000,0.036817073822021484,0.0010830908818646864,0.1314237912495931,0.001084202720586436
kd_tree,creditcard,5,10,100000,0.08563661575317383,0.00404812471835072,0.1396960417429606,0.002312702987489516
kd_tree,creditcard,5,100,10000,0.00604557991027832,0.000699842993248963,0.3506029446919759,0.0017537239017362107
kd_tree,creditcard,5,100,50000,0.036238829294840486,0.0006427139435896717,0.4604028065999349,0.002570480270410732
kd_tree,creditcard,5,100,100000,0.08373546600341797,0.002249475979292948,0.4911755720774333,0.0139609321583057
kd_tree,creditcard,10,10,10000,0.009164094924926758,0.0001119039386625792,0.4627947012583415,0.000843186135531749
kd_tree,creditcard,10,10,50000,0.059137821197509766,0.0015675576219408938,0.7524236043294271,0.009896654344960195
kd_tree,creditcard,10,10,100000,0.12386417388916016,0.004530036486308146,1.150097131729126,0.02913251722399007
kd_tree,creditcard,10,100,10000,0.009041865666707356,0.00015661884846598914,1.1204315821329751,0.017335273927142236
kd_tree,creditcard,10,100,50000,0.056965907414754234,0.0015444710939083873,1.8942938645680745,0.03435502923204777
kd_tree,creditcard,10,100,100000,0.12216003735860187,0.00632906576302237,3.073453664779663,0.052328839540519735
kd_tree,creditcard,15,10,10000,0.01221172014872233,9.978937087251503e-05,1.3594497839609785,0.025182060016236768
kd_tree,creditcard,15,10,50000,0.08051554361979167,0.0016030232259560515,2.8876091639200845,0.07086313533320189
kd_tree,creditcard,15,10,100000,0.1924757957458496,0.0065645384023523615,6.842355092366535,0.02469069348887888
kd_tree,creditcard,15,100,10000,0.013032356897989908,0.0014885846512146248,2.3809049129486084,0.052803410639561496
kd_tree,creditcard,15,100,50000,0.07676943143208821,0.0011729758329059512,6.0415544509887695,0.05857008724334852
kd_tree,creditcard,15,100,100000,0.18717122077941886,0.008017131486386324,17.611948569615677,0.038568414314116194
kd_tree,creditcard,20,10,10000,0.01589051882425944,0.0012565830999645498,2.1709996859232583,0.052450154805102095
kd_tree,creditcard,20,10,50000,0.09655332565307616,0.0018733748412102487,6.536020676294964,0.09649673225983288
kd_tree,creditcard,20,10,100000,0.2488245169321696,0.00426414127693275,19.038347880045574,0.046542098950323546
kd_tree,creditcard,20,100,10000,0.0170443852742513,0.0034731394976553072,3.149812936782837,0.08212346454870306
kd_tree,creditcard,20,100,50000,0.09503213564554852,0.002279900708286381,13.517316738764446,0.16079446774165168
kd_tree,creditcard,20,100,100000,0.2413634459177653,0.003544943896924761,46.21795129776001,0.2553047201758633
kd_tree,creditcard,25,10,10000,0.0186315377553304,0.0009288094332252736,3.042234182357788,0.005366232261462223
kd_tree,creditcard,25,10,50000,0.12552173932393393,0.0004591404693189377,24.215372800827023,0.09986806058271107
kd_tree,creditcard,25,10,100000,0.32036932309468585,0.002575625940657265,45.86259738604228,0.1798666949807077
kd_tree,creditcard,25,100,10000,0.021125237147013348,0.004477091989665645,3.7761162122090655,0.008919681422224131
kd_tree,creditcard,25,100,50000,0.12345186869303384,0.0013782510483001888,40.78847153981528,0.10215797408022256
kd_tree,creditcard,25,100,100000,0.31282560030619305,0.002822637120532452,86.41465393702191,0.14509857457327713
kd_tree,creditcard,30,10,10000,0.02029283841451009,0.00113853141113724,3.4999001820882163,0.005468563405553521
kd_tree,creditcard,30,10,50000,0.14130584398905435,0.00380493026495909,30.755897521972656,0.04604279974372871
kd_tree,creditcard,30,10,100000,0.3570426305135091,0.001513400116881466,62.67399748166403,0.1349641934888308
kd_tree,creditcard,30,100,10000,0.022837003072102863,0.005111427302872338,4.027515808741252,0.004762456190420874
kd_tree,creditcard,30,100,50000,0.13506627082824707,0.0014364645985459304,45.0691486199697,0.041066597714680686
kd_tree,creditcard,30,100,100000,0.3483009338378906,0.0018743323868789746,104.85011339187622,0.14768012765015107
kd_tree,mnist_pca,5,10,10000,0.004872878392537436,0.00032058983196889816,0.09442504247029622,0.0010699426172427185
kd_tree,mnist_pca,5,10,50000,0.02913212776184082,0.0006846126569336595,0.1329630215962728,0.00036667311649708523
kd_tree,mnist_pca,5,100,10000,0.004694461822509766,4.639105230195544e-05,0.33089733123779297,0.0007581790537784898
kd_tree,mnist_pca,5,100,50000,0.02891143163045248,0.0005822901642637867,0.4472830295562744,0.0014954856006728675
kd_tree,mnist_pca,10,10,10000,0.007950067520141602,0.0002214379430465196,0.4867262840270996,0.0012196486607661033
kd_tree,mnist_pca,10,10,50000,0.04830876986185709,0.0014053794813881544,0.8444716135660807,0.014560799591339916
kd_tree,mnist_pca,10,100,10000,0.007953405380249023,0.00027545887033965686,1.1479283968607583,0.002818248436064783
kd_tree,mnist_pca,10,100,50000,0.04807750384012858,0.0016088350789219695,2.035622358322144,0.042788977498641766
kd_tree,mnist_pca,15,10,10000,0.01160287857055664,5.46767499065205e-05,1.362456639607747,0.031920310512162466
kd_tree,mnist_pca,15,10,50000,0.07362039883931477,0.002105031010103718,3.0276448726654053,0.033282736430808216
kd_tree,mnist_pca,15,100,10000,0.012231429417928059,0.0003899168679541401,2.5886674722035727,0.20002288016437608
kd_tree,mnist_pca,15,100,50000,0.0769194761912028,0.004735829214236514,6.166834910710652,0.10016224211369837
kd_tree,mnist_pca,20,10,10000,0.016106446584065754,0.00035625524602278313,2.475940465927124,0.07236980678069764
kd_tree,mnist_pca,20,10,50000,0.09898145993550618,0.003211617912024538,8.645883639653523,0.11275451489412612
kd_tree,mnist_pca,20,100,10000,0.01580937703450521,0.00037707787487276117,3.400497992833456,0.09059249009402136
kd_tree,mnist_pca,20,100,50000,0.09698621431986493,0.00429108962797495,14.696823438008629,0.1476076808187112
kd_tree,mnist_pca,25,10,10000,0.01984548568725586,0.0006614866654335379,3.331514199574789,0.02050544074098368
kd_tree,mnist_pca,25,10,50000,0.1239336331685384,0.006247825157086213,25.0361807346344,0.12916145968631196
kd_tree,mnist_pca,25,100,10000,0.020298083623250324,0.0035552158107345377,3.7165349324544272,0.0210647340486762
kd_tree,mnist_pca,25,100,50000,0.11635231971740725,0.002230679519695399,38.07913104693096,0.0936418897170222
kd_tree,mnist_pca,30,10,10000,0.021259387334187824,0.000600071677459811,3.655692577362061,0.0018551817166471809
kd_tree,mnist_pca,30,10,50000,0.14312060674031574,0.001859913592679814,35.78194864590964,0.0392328181034194
kd_tree,mnist_pca,30,100,10000,0.022938569386800133,0.0033070464712410628,4.2219191392262765,0.004391434901406957
kd_tree,mnist_pca,30,100,50000,0.13848400115966794,0.002566912901808868,46.8726676305135,0.12602436618166651
kd_tree,low_intrinsic_dim_data,5,10,10000,0.005320310592651367,0.0004947980372601165,0.13039612770080564,0.004082562352197334
kd_tree,low_intrinsic_dim_data,5,10,50000,0.03067811330159505,0.0004604100982804246,0.1774892807006836,0.0017504893518852885
kd_tree,low_intrinsic_dim_data,5,10,100000,0.06552871068318684,0.0018083828651833788,0.1890408198038737,0.00414769207752704
kd_tree,low_intrinsic_dim_data,5,100,10000,0.00487057367960612,0.00013370590063118,0.419531265894572,0.001121662182185558
kd_tree,low_intrinsic_dim_data,5,100,50000,0.029942989349365238,0.00044730087417316016,0.5842958291371664,0.0008122734104934325
kd_tree,low_intrinsic_dim_data,5,100,100000,0.06573367118835449,0.002576656514380946,0.6298704942067465,0.009155191524898585
kd_tree,low_intrinsic_dim_data,10,10,10000,0.00845177968343099,0.0005998612187224967,0.1977208455403646,0.000618198436879882
kd_tree,low_intrinsic_dim_data,10,10,50000,0.05041003227233887,0.0022627301370110394,0.2653141021728516,0.0067500505778970606
kd_tree,low_intrinsic_dim_data,10,10,100000,0.11412851015726724,0.0012770502900679374,0.4522089958190918,0.012675165516606014
kd_tree,low_intrinsic_dim_data,10,100,10000,0.008796374003092447,0.0011076807501866097,0.5898340543111166,0.001080670397426765
kd_tree,low_intrinsic_dim_data,10,100,50000,0.04992159207661947,0.001686806671276603,0.8060288429260254,0.015644734424798547
kd_tree,low_intrinsic_dim_data,10,100,100000,0.11153912544250487,0.0007791128356934596,1.3471063772837322,0.01674986339277724
kd_tree,low_intrinsic_dim_data,15,10,10000,0.011827866236368816,0.00015526320344925833,0.2700488567352295,0.0034858355626434818
kd_tree,low_intrinsic_dim_data,15,10,50000,0.07396753629048665,0.002229018282129279,0.3721999327341716,0.006184074314478813
kd_tree,low_intrinsic_dim_data,15,10,100000,0.18267424901326496,0.0034927612832012012,0.7779866854349772,0.002055512993954753
kd_tree,low_intrinsic_dim_data,15,100,10000,0.012676556905110678,0.001571697448623162,0.7619217236836752,0.011138576102931095
kd_tree,low_intrinsic_dim_data,15,100,50000,0.07218194007873535,0.0016978893139982265,1.0660462379455566,0.006628311535162496
kd_tree,low_intrinsic_dim_data,15,100,100000,0.17879851659138998,0.0014090762098036456,2.33316421508789,0.013301903655149069
kd_tree,low_intrinsic_dim_data,20,10,10000,0.014867703119913738,0.00024149753045975294,0.3239240646362305,0.005561663219515795
kd_tree,low_intrinsic_dim_data,20,10,50000,0.09537061055501304,0.0017037705540060481,0.5813092390696207,0.010675749413342246
kd_tree,low_intrinsic_dim_data,20,10,100000,0.2494553724924723,0.0059323124940246965,1.1678891976674397,0.00516801202952375
kd_tree,low_intrinsic_dim_data,20,100,10000,0.016673485438028973,0.002932361357314969,0.8793710072835287,0.01828174594834305
kd_tree,low_intrinsic_dim_data,20,100,50000,0.09237186113993327,0.0020765754236401427,1.6139895915985107,0.029800772887956663
kd_tree,low_intrinsic_dim_data,20,100,100000,0.2428736686706543,0.0031081816612230804,3.4944554169972744,0.010465777120373
kd_tree,low_intrinsic_dim_data,25,10,10000,0.01903390884399414,0.0011388998236334404,0.3789573510487874,0.0004499464301984696
kd_tree,low_intrinsic_dim_data,25,10,50000,0.12113634745279947,0.0004793028791114745,0.9784774780273438,0.00480313498938136
kd_tree,low_intrinsic_dim_data,25,10,100000,0.3092358907063802,0.002504653798394889,1.405911207199097,0.004017486546465394
kd_tree,low_intrinsic_dim_data,25,100,10000,0.020577669143676758,0.0030396283770091877,1.0141047636667888,0.002475012695961076
kd_tree,low_intrinsic_dim_data,25,100,50000,0.11682709058125812,0.0009329464384549797,2.8089001973470054,0.00862958424726752
kd_tree,low_intrinsic_dim_data,25,100,100000,0.3053496678670247,0.0012257260049215995,4.164915959040323,0.008456193329507035
kd_tree,low_intrinsic_dim_data,30,10,10000,0.021615982055664062,0.0006230235591337185,0.4364436467488607,0.0010263867555938807
kd_tree,low_intrinsic_dim_data,30,10,50000,0.1429293155670166,0.0024522782914302393,1.2642223834991455,0.008802432941138666
kd_tree,low_intrinsic_dim_data,30,10,100000,0.3705021540323893,0.0013646859032012961,1.5499647458394368,0.0018294096916743547
kd_tree,low_intrinsic_dim_data,30,100,10000,0.023404439290364586,0.003432564573901025,1.1427687009175618,0.00888969769169449
kd_tree,low_intrinsic_dim_data,30,100,50000,0.1393738587697347,0.0013833419393774538,3.505260149637857,0.02198893152288319
kd_tree,low_intrinsic_dim_data,30,100,100000,0.3661505381266276,0.0020084532079997644,4.586796601613362,0.00645515979292235
kd_tree,standard_normal_data,5,10,10000,0.005070765813191732,0.0002429212987101044,0.12752103805541992,0.0010805920320593057
kd_tree,standard_normal_data,5,10,50000,0.030694007873535163,0.0005693056596077946,0.17732111612955728,0.0009606732468359977
kd_tree,standard_normal_data,5,10,100000,0.06589643160502116,0.002030574934360025,0.1957228978474935,0.009517183456119177
kd_tree,standard_normal_data,5,100,10000,0.005370378494262695,0.0007360336671834495,0.4206002553304036,0.0003731273529855362
kd_tree,standard_normal_data,5,100,50000,0.02951502799987793,0.00017170949544077367,0.5865163803100586,0.0028143111734865037
kd_tree,standard_normal_data,5,100,100000,0.06453299522399902,0.0015362997032373072,0.6311013698577881,0.012345801701496205
kd_tree,standard_normal_data,10,10,10000,0.008157889048258463,3.1329043993300266e-05,1.0473885536193848,0.003148822332866564
kd_tree,standard_normal_data,10,10,50000,0.0500797430674235,0.0015733880651030744,2.375365654627482,0.05919328818532165
kd_tree,standard_normal_data,10,10,100000,0.11477986971537273,0.00014950566511241377,5.596695502599079,0.03193119276720608
kd_tree,standard_normal_data,10,100,10000,0.008923371632893879,0.0010505551983035725,1.7752224604288738,0.008702158315986202
kd_tree,standard_normal_data,10,100,50000,0.05001600583394369,0.0014930675565786025,4.843674898147583,0.22535839948325925
kd_tree,standard_normal_data,10,100,100000,0.11513964335123696,0.005427471501348386,11.857938130696617,0.10927703293897507
kd_tree,standard_normal_data,15,10,10000,0.011986970901489258,7.682777445474117e-05,2.421572764714559,0.06270236335356674
kd_tree,standard_normal_data,15,10,50000,0.07581249872843425,0.002687657278800899,9.924644867579143,0.31976476928032205
kd_tree,standard_normal_data,15,10,100000,0.1906216144561768,0.0028247151271603385,41.02158292134603,0.15064099639061904
kd_tree,standard_normal_data,15,100,10000,0.013250509897867838,0.0021606541486980753,2.7303645610809326,0.07414664655357893
kd_tree,standard_normal_data,15,100,50000,0.07453099886576335,0.002653626806635409,12.13470721244812,0.5069382990815722
kd_tree,standard_normal_data,15,100,100000,0.1854546864827474,0.0045533152785977435,56.757312059402466,0.21554662785373407
kd_tree,standard_normal_data,20,10,10000,0.01540390650431315,0.0006031627020049246,3.034139474232992,0.08955874389167569
kd_tree,standard_normal_data,20,10,50000,0.09543879826863606,0.0012107611641223833,22.27664089202881,0.5678716353054439
kd_tree,standard_normal_data,20,10,100000,0.2534751892089844,0.0036223470910960094,99.71897371610004,0.6409990274397815
kd_tree,standard_normal_data,20,100,10000,0.017981608708699543,0.004671343733588332,3.2884134451548257,0.10098428358798818
kd_tree,standard_normal_data,20,100,50000,0.09298412005106607,0.0015707448855786055,23.124476114908852,0.5253284594881749
kd_tree,standard_normal_data,20,100,100000,0.2481796741485596,0.0026861177221233073,106.0752681096395,0.6372801077710104
kd_tree,standard_normal_data,25,10,10000,0.019315640131632488,0.0012836542846802956,3.5888558228810634,0.005638622364985805
kd_tree,standard_normal_data,25,10,50000,0.12423070271809895,0.0022965301736156073,48.44884483019512,0.19422214187847864
kd_tree,standard_normal_data,25,10,100000,0.32396594683329266,0.003342328720994173,125.39537572860719,0.21368643280418548
kd_tree,standard_normal_data,25,100,10000,0.021856149037679042,0.005508375424709326,3.792099714279175,0.02307051475087444
kd_tree,standard_normal_data,25,100,50000,0.1196278731028239,0.0014890625641238652,48.86007905006411,0.3019828097508631
kd_tree,standard_normal_data,25,100,100000,0.3129026095072429,0.0040187028619568695,126.45684750874835,0.21074434572175046
kd_tree,standard_normal_data,30,10,10000,0.022086222966512043,0.0010615446397183995,4.1101471583048514,0.022887503220900902
kd_tree,standard_normal_data,30,10,50000,0.14929660161336264,0.005349917439162892,53.569886366526276,0.08394310502875511
kd_tree,standard_normal_data,30,10,100000,0.3879068692525228,0.002193577997125159,140.6981743971507,0.1928859316354498
kd_tree,standard_normal_data,30,100,10000,0.025186697642008458,0.005802169648981653,4.3438905874888105,0.040652490508835334
kd_tree,standard_normal_data,30,100,50000,0.14811062812805176,0.006926491327784539,53.883951107660934,0.1370341156179116
kd_tree,standard_normal_data,30,100,100000,0.3785778681437175,0.002700655022965867,140.70066531499228,0.16204062402614805
ball_tree,covertype,5,10,10000,0.0044460296630859375,0.0002294102998604908,0.3885300954182943,0.0025406018356583233
ball_tree,covertype,5,10,50000,0.027810096740722656,0.001363785713895961,0.9398430188496908,0.003536259870292064
ball_tree,covertype,5,10,100000,0.06476283073425293,0.002344924875840509,1.2024168173472087,0.0324482739043972
ball_tree,covertype,5,100,10000,0.00480953852335612,0.0009367793412620117,0.7952788670857748,0.0033308848109581844
ball_tree,covertype,5,100,50000,0.02664637565612793,0.000270463014129212,1.811598777770996,0.010134902746850128
ball_tree,covertype,5,100,100000,0.06475003560384114,0.0014490449851960793,2.362384796142578,0.04104538796632221
ball_tree,covertype,10,10,10000,0.007208188374837239,0.0006909130281081273,0.998084545135498,0.0028520049452062032
ball_tree,covertype,10,10,50000,0.041229248046875,0.0020985310340892608,3.3089725971221924,0.3115297212615068
ball_tree,covertype,10,10,100000,0.09312796592712402,0.001851691530996031,6.354906241099041,0.03419458421327251
ball_tree,covertype,10,100,10000,0.0066067377726236965,0.0006004656154471737,1.5739476680755615,0.004424933950670485
ball_tree,covertype,10,100,50000,0.04018115997314453,0.0012139813933102575,4.806839068730672,0.1726181418883948
ball_tree,covertype,10,100,100000,0.09150314331054688,0.005026696041654614,9.850807666778564,0.005980684262668676
ball_tree,covertype,15,10,10000,0.094878355662028,0.0013218605818140145,1.5630225340525312,0.030783506958559595
ball_tree,covertype,15,10,50000,2.4601150353749595,0.09384789155024596,7.009741703669231,0.2160043401008976
ball_tree,covertype,15,10,100000,13.138326565424599,0.4671378490258472,27.191173473993945,0.17662958667192333
ball_tree,covertype,15,100,10000,0.08176787694295247,0.002758858795243545,1.872007846832276,0.036886145527311766
ball_tree,covertype,15,100,50000,1.963146686553955,0.1328434110771979,8.258528073628744,0.3856284785786016
ball_tree,covertype,15,100,100000,12.948054790496824,0.3420222060457982,32.42465885480245,0.2285123969429533
ball_tree,covertype,20,10,10000,0.1139543851216634,0.0005756986858634853,1.6388379732767742,0.0087487172267426
ball_tree,covertype,20,10,50000,2.978429873784384,0.1959748322851416,10.09004831314087,0.516251214922489
ball_tree,covertype,20,10,100000,20.200862725575767,0.9939815960494436,31.48059113820393,0.28293381554849983
ball_tree,covertype,20,100,10000,0.14564983050028482,0.0021273689090371447,2.0254856745402017,0.012226654035704129
ball_tree,covertype,20,100,50000,3.965785344441733,0.2314952224275839,10.682737906773887,0.24573321240326426
ball_tree,covertype,20,100,100000,21.528851588567093,0.9485145201157076,32.657498359680176,0.14978614710790078
ball_tree,covertype,25,10,10000,0.1270000139872233,0.000654329827807072,2.0374277432759604,0.010634406267141943
ball_tree,covertype,25,10,50000,3.4622375170389814,0.1994828573726083,12.581608772277832,0.2977629594231084
ball_tree,covertype,25,10,100000,25.016018629074093,0.21918029780028472,25.74207695325216,0.11883514879330888
ball_tree,covertype,25,100,10000,0.18433547019958496,0.01278905626567178,2.558943669001261,0.0170668987353271
ball_tree,covertype,25,100,50000,4.4858003457387285,0.019868142134533102,13.715398470560707,0.3512137942621533
ball_tree,covertype,25,100,100000,25.20779856046041,0.2470489972833564,26.571307500203446,0.13788555179830672
ball_tree,covertype,30,10,10000,0.1761629581451416,0.0016800359120516392,2.5848747889200845,0.009073883359787021
ball_tree,covertype,30,10,50000,4.3846410910288505,0.01569641572457427,14.985812346140545,0.032182516745536384
ball_tree,covertype,30,10,100000,24.372139135996505,1.0475728004015246,30.09839804967245,0.040685795502323874
ball_tree,covertype,30,100,10000,0.14601890246073404,0.0010587161695838096,2.9310994942983,0.0037163393535352045
ball_tree,covertype,30,100,50000,3.756750106811523,0.018697478618895275,15.783180713653564,0.003876166648089311
ball_tree,covertype,30,100,100000,23.600768566131592,0.14285838004610926,30.80777986844381,0.09926067059361128
ball_tree,creditcard,5,10,10000,0.004563411076863607,0.00011948812511188126,0.5541947682698568,0.0011966303671886315
ball_tree,creditcard,5,10,50000,0.030620177586873368,0.00022811698385611303,1.7167919476826985,0.004263144749521615
ball_tree,creditcard,5,10,100000,0.06989177068074544,0.001974222558072722,2.4163461526234946,0.0641843993298236
ball_tree,creditcard,5,100,10000,0.004487514495849609,0.0001226061989189505,1.083492914835612,0.002640393938209745
ball_tree,creditcard,5,100,50000,0.029953956604003906,0.0009558117477530537,2.8843908309936523,0.0032477697971926623
ball_tree,creditcard,5,100,100000,0.06842501958211263,0.00210899939131802,3.9308929443359375,0.06275276430167466
ball_tree,creditcard,10,10,10000,0.006783564885457357,1.6865856036689663e-05,1.2680175304412842,0.002281715934957357
ball_tree,creditcard,10,10,50000,0.04478287696838379,0.0014942060798994962,4.508711099624634,0.16207703095491874
ball_tree,creditcard,10,10,100000,0.09313559532165527,0.004349037320358457,10.424209912618002,0.1319848888889057
ball_tree,creditcard,10,100,10000,0.006340265274047852,0.0005663808189168447,1.6783818403879802,0.0010833313537400953
ball_tree,creditcard,10,100,50000,0.042749643325805664,0.00118959484625721,5.759873946507772,0.19479876989655506
ball_tree,creditcard,10,100,100000,0.0943750540415446,0.005522616709817401,13.453137874603273,0.12909845895773298
ball_tree,creditcard,15,10,10000,0.008728424708048502,0.0007380575721110728,1.833351373672485,0.06177240086644525
ball_tree,creditcard,15,10,50000,0.057346741358439125,0.0009748971428819543,8.556931177775066,0.2584671905342157
ball_tree,creditcard,15,10,100000,0.1479175090789795,0.0008241458399588763,44.84109401702881,0.31520685435328866
ball_tree,creditcard,15,100,10000,0.009776830673217772,0.0024100720426743502,2.231740951538086,0.07368582440181712
ball_tree,creditcard,15,100,50000,0.05382966995239258,0.002433031504212995,9.331979592641195,0.13316652245307284
ball_tree,creditcard,15,100,100000,0.14151851336161295,0.0029555289126844053,52.50494774182639,0.3373981642673945
ball_tree,creditcard,20,10,10000,0.010405460993448893,0.0008151278974286107,2.219153881072998,0.09159284681910512
ball_tree,creditcard,20,10,50000,0.06585105260213216,0.0024197678923945803,14.057456096013384,0.060162616215155285
ball_tree,creditcard,20,10,100000,0.19147260983784994,0.005599822624759671,85.83149099349977,0.6083777460619822
ball_tree,creditcard,20,100,10000,0.01263721783955892,0.004253830116615163,2.5962226390838623,0.09336329627914644
ball_tree,creditcard,20,100,50000,0.06470171610514322,0.0028558259050397525,15.343467632929485,0.09843118735095796
ball_tree,creditcard,20,100,100000,0.18722637494405112,0.009382050170232012,93.60171953837076,1.5218774248391924
ball_tree,creditcard,25,10,10000,0.012946764628092449,0.0012372142393541113,2.5528322060902915,0.0009690966198566217
ball_tree,creditcard,25,10,50000,0.09431664148966472,0.0017992728274470926,42.75502189000448,0.07523115392786947
ball_tree,creditcard,25,10,100000,0.24942795435587564,0.002146726405662319,108.56247242291771,0.2078324936688047
ball_tree,creditcard,25,100,10000,0.01557763417561849,0.0041866007694368965,2.9153843720754,0.009350762594052372
ball_tree,creditcard,25,100,50000,0.08869512875874838,0.002084517923599735,44.33361252148945,0.17362432271996178
ball_tree,creditcard,25,100,100000,0.2395732402801513,0.0016468619146255293,113.91663757959999,0.2933738451635095
ball_tree,creditcard,30,10,10000,0.013216892878214521,0.0011076711366645351,2.644558906555176,0.00222346831075
ball_tree,creditcard,30,10,50000,0.10133600234985353,0.002439742488433742,47.25476280848186,0.07053888978795153
ball_tree,creditcard,30,10,100000,0.27419646581014,0.0006829896915338995,120.96040598551431,0.047149609421622204
ball_tree,creditcard,30,100,10000,0.01624917984008789,0.005199468366751859,2.9800264040629068,0.011601557161989993
ball_tree,creditcard,30,100,50000,0.09555697441101074,0.002124982383725939,48.448530515035,0.05958382415678117
ball_tree,creditcard,30,100,100000,0.2654452323913574,0.002935520290711104,125.24904441833496,0.36458487467997136
ball_tree,mnist_pca,5,10,10000,0.0038814544677734375,0.00034794025766107616,0.3362704912821452,0.0014618202773318985
ball_tree,mnist_pca,5,10,50000,0.023751020431518555,0.0006374384860799722,0.8783257007598877,0.001800316303983572
ball_tree,mnist_pca,5,100,10000,0.0036948521931966147,9.064596478932795e-05,0.6984861691792806,0.0009001646264190242
ball_tree,mnist_pca,5,100,50000,0.02318175633748373,0.0003613298045091072,1.6304477850596109,0.006602299777425715
ball_tree,mnist_pca,10,10,10000,0.005731741587320964,2.901423391349237e-05,1.0790878931681316,0.0025029659609877896
ball_tree,mnist_pca,10,10,50000,0.03806702295939128,0.0011442062796316087,3.549695571263632,0.1186454129200172
ball_tree,mnist_pca,10,100,10000,0.005849599838256836,0.00021957414871506703,1.579572677612305,0.006122499437556836
ball_tree,mnist_pca,10,100,50000,0.05246369043986002,0.01934010900217157,5.191840489705403,0.16123173461958476
ball_tree,mnist_pca,15,10,10000,0.008053938547770182,0.00034467896912117546,1.9031860828399656,0.064025490819968
ball_tree,mnist_pca,15,10,50000,0.05430086453755697,0.0026442000615167125,8.140653053919474,0.006810775342697938
ball_tree,mnist_pca,15,100,10000,0.008278767267862955,0.0003929532795393114,2.306894143422445,0.08035431576000067
ball_tree,mnist_pca,15,100,50000,0.05387783050537109,0.002257492357629823,9.465573549270632,0.01386185731507888
ball_tree,mnist_pca,20,10,10000,0.01039433479309082,0.00020950224611211696,2.405960957209269,0.09823650622263948
ball_tree,mnist_pca,20,10,50000,0.06703623135884602,0.004388226175882339,14.077399015426636,0.060131988157892086
ball_tree,mnist_pca,20,100,10000,0.010682821273803713,0.0003284143016095859,2.7390867074330654,0.09531478330533816
ball_tree,mnist_pca,20,100,50000,0.06752689679463704,0.0036508918627479172,15.332252820332847,0.011581178809845057
ball_tree,mnist_pca,25,10,10000,0.012799421946207682,0.00017135926140399938,2.8140134811401367,0.008304487013609807
ball_tree,mnist_pca,25,10,50000,0.0892196496327718,0.0033487459324142693,41.738674322764076,0.16447272053832476
ball_tree,mnist_pca,25,100,10000,0.014455080032348631,0.0030754196560344844,2.8677306969960537,0.008126880116303324
ball_tree,mnist_pca,25,100,50000,0.08287763595581055,0.00536480161567009,43.34240682919821,0.177419365388541
ball_tree,mnist_pca,30,10,10000,0.014243046442667644,0.0008586839521693383,2.8303417364756265,0.0040615527302063
ball_tree,mnist_pca,30,10,50000,0.10263983408610028,0.0020752192376129294,48.676461537679046,0.20418279252552216
ball_tree,mnist_pca,30,100,10000,0.016272942225138348,0.004075993663427269,3.1980439027150482,0.0064277483416066575
ball_tree,mnist_pca,30,100,50000,0.09836459159851074,0.001728501089361262,50.048088947931916,0.05573091246041281
ball_tree,low_intrinsic_dim_data,5,10,10000,0.004080454508463542,0.00026833813071691344,0.5683215459187826,0.0014776060039367349
ball_tree,low_intrinsic_dim_data,5,10,50000,0.02470533053080241,0.0005069094605506951,1.9787945747375488,0.0013170693904482895
ball_tree,low_intrinsic_dim_data,5,10,100000,0.053667942682902016,0.0021609563675774584,2.8132851918538413,0.09365338796915933
ball_tree,low_intrinsic_dim_data,5,100,10000,0.0038367907206217455,0.00017624249415885222,0.9849606355031332,0.001104975116980644
ball_tree,low_intrinsic_dim_data,5,100,50000,0.024027188618977863,0.000312531888636506,3.0366086165110264,0.010416796850318457
ball_tree,low_intrinsic_dim_data,5,100,100000,0.056544303894042976,0.0015879190472931936,4.703248341878255,0.08195808395369683
ball_tree,low_intrinsic_dim_data,10,10,10000,0.0070887406667073565,0.0007158620260389808,0.9714983304341634,0.006274297558440285
ball_tree,low_intrinsic_dim_data,10,10,50000,0.041142940521240234,0.0016658723613562553,3.1391521294911704,0.10882511162199957
ball_tree,low_intrinsic_dim_data,10,10,100000,0.09168632825215656,0.004311606837416291,6.439256906509399,0.03999829917862152
ball_tree,low_intrinsic_dim_data,10,100,10000,0.006173054377237956,0.0006069927360953893,1.4521538416544597,0.007417895776880389
ball_tree,low_intrinsic_dim_data,10,100,50000,0.039679686228434236,0.0020293258233672973,4.460571765899658,0.139850737804859
ball_tree,low_intrinsic_dim_data,10,100,100000,0.08734854062398274,0.004304940980522178,9.507581313451134,0.0056316259769558855
ball_tree,low_intrinsic_dim_data,15,10,10000,0.00823068618774414,0.00015715431972775732,1.2432647546132405,0.04014447752847968
ball_tree,low_intrinsic_dim_data,15,10,50000,0.055125157038370766,0.0015318718130401085,4.149230082829793,0.012119307737774854
ball_tree,low_intrinsic_dim_data,15,10,100000,0.1413454214731852,0.00173218206736846,15.665850400924684,0.07736172409903606
ball_tree,low_intrinsic_dim_data,15,100,10000,0.009118080139160156,0.0015499887601503346,1.8061647415161133,0.060411813830603
ball_tree,low_intrinsic_dim_data,15,100,50000,0.051977316538492836,0.002523148556601141,5.677621841430664,0.02721939504551961
ball_tree,low_intrinsic_dim_data,15,100,100000,0.136489470799764,0.0009268014636011066,22.996059338251747,0.10684213996105822
ball_tree,low_intrinsic_dim_data,20,10,10000,0.010369221369425457,0.0008395857670286608,1.4271263281504314,0.056270327783258516
ball_tree,low_intrinsic_dim_data,20,10,50000,0.06521161397298178,0.0022343230838236233,5.96931489308675,0.11046837266181096
ball_tree,low_intrinsic_dim_data,20,10,100000,0.19148612022399905,0.006812373307459851,26.05447642008464,0.091340218301518
ball_tree,low_intrinsic_dim_data,20,100,10000,0.011840264002482096,0.0031830441114785546,2.110177199045817,0.07381000694196131
ball_tree,low_intrinsic_dim_data,20,100,50000,0.06407546997070312,0.0022964274152988307,8.703102509180704,0.2720303382980873
ball_tree,low_intrinsic_dim_data,20,100,100000,0.18367226918538407,0.0023525577970027554,38.10959609349569,0.1733148035102007
ball_tree,low_intrinsic_dim_data,25,10,10000,0.013954242070515951,0.002783660285778635,1.6554052829742432,0.011067908747913923
ball_tree,low_intrinsic_dim_data,25,10,50000,0.08632516860961914,0.0008660264911728496,13.473392883936565,0.15596519179796084
ball_tree,low_intrinsic_dim_data,25,10,100000,0.2386417388916016,0.0028874138730675624,31.821301698684692,0.06560107522802804
ball_tree,low_intrinsic_dim_data,25,100,10000,0.014503558476765953,0.004239415297348446,2.402975002924601,0.005757668509706536
ball_tree,low_intrinsic_dim_data,25,100,50000,0.08240270614624022,0.0018044419779401212,20.98474272092184,0.0576744068847989
ball_tree,low_intrinsic_dim_data,25,100,100000,0.23186071713765466,0.0038668761582803506,45.85430542627971,0.12759696948343535
ball_tree,low_intrinsic_dim_data,30,10,10000,0.014748016993204754,0.0011383613139006655,1.8559180100758867,0.003676367719687843
ball_tree,low_intrinsic_dim_data,30,10,50000,0.1043561299641927,0.0037665543413804774,17.042710224787395,0.07512558889960061
ball_tree,low_intrinsic_dim_data,30,10,100000,0.28863096237182617,0.004816100494877714,35.53746493657429,0.13339021823755534
ball_tree,low_intrinsic_dim_data,30,100,10000,0.017133394877115887,0.004718952431256696,2.6904519399007163,0.0030021428299364045
ball_tree,low_intrinsic_dim_data,30,100,50000,0.10021281242370604,0.0003731917716757408,25.131298462549854,0.06828590791026241
ball_tree,low_intrinsic_dim_data,30,100,100000,0.2843279838562012,0.0019018560240524984,50.662306785583496,0.06738809617256313
ball_tree,standard_normal_data,5,10,10000,0.004160086313883464,0.0003166866718757241,0.5814026991526285,0.0024154809004335925
ball_tree,standard_normal_data,5,10,50000,0.02473982175191244,0.0004250826234376795,1.990532716115316,0.006146819326880089
ball_tree,standard_normal_data,5,10,100000,0.0542604923248291,0.001550176419004174,2.8835540612538657,0.07448737457931752
ball_tree,standard_normal_data,5,100,10000,0.003972212473551433,0.00016875694516566966,1.0460550785064695,0.0008439582833259865
ball_tree,standard_normal_data,5,100,50000,0.024133920669555664,0.00018075378212983317,3.194251855214437,0.018529421178492256
ball_tree,standard_normal_data,5,100,100000,0.05567169189453125,0.0015672157389095439,4.800272862116496,0.30166326702335683
ball_tree,standard_normal_data,10,10,10000,0.006251732508341472,0.00010681832335413376,1.3960444132486982,0.0022351381666319992
ball_tree,standard_normal_data,10,10,50000,0.041031440099080406,0.0008029557910890046,6.7140398025512695,0.2286162569941977
ball_tree,standard_normal_data,10,10,100000,0.09045044581095378,0.003715542288826675,19.92381366093953,0.07231903669800882
ball_tree,standard_normal_data,10,100,10000,0.0064622561136881505,0.0008464041187086705,1.6289823055267334,0.004755602970610453
ball_tree,standard_normal_data,10,100,50000,0.03873380025227865,0.0008355449394731317,7.116650422414143,0.377946795602242
ball_tree,standard_normal_data,10,100,100000,0.08814374605814616,0.004524411837653468,22.872866074244186,0.08537574500290579
ball_tree,standard_normal_data,15,10,10000,0.00818014144897461,0.00017132538568351665,1.8529922167460124,0.06610528979216149
ball_tree,standard_normal_data,15,10,50000,0.055880467096964516,0.004228427289760996,9.910885731379187,0.38660523390555934
ball_tree,standard_normal_data,15,10,100000,0.14659690856933594,0.0006923087675711316,60.956712643305465,0.32073806879485434
ball_tree,standard_normal_data,15,100,10000,0.009578863779703777,0.002617888229584824,2.1202465693155923,0.07279691802770963
ball_tree,standard_normal_data,15,100,50000,0.05155332883199056,0.003741439614660829,9.73930311203003,0.17311968168750064
ball_tree,standard_normal_data,15,100,100000,0.1400585969289144,0.002297609225452793,61.75169658660889,0.2300379393168028
ball_tree,standard_normal_data,20,10,10000,0.010641733805338541,0.00098229458283211,2.20630431175232,0.09144448004098724
ball_tree,standard_normal_data,20,10,50000,0.06725494066874188,0.002101246987760908,15.393014748891197,0.07721687956717088
ball_tree,standard_normal_data,20,10,100000,0.195878267288208,0.007955889383411381,99.24738732973736,0.7435686557831939
ball_tree,standard_normal_data,20,100,10000,0.012778441111246744,0.004467150728511918,2.5097177823384604,0.09134402727344164
ball_tree,standard_normal_data,20,100,50000,0.06510448455810547,0.002113677185081192,15.702235539754234,0.08514217900854465
ball_tree,standard_normal_data,20,100,100000,0.18594924608866373,0.0027644195914603123,99.73355086644493,0.5873073708659183
ball_tree,standard_normal_data,25,10,10000,0.013235092163085938,0.0016540029068357585,2.524067242940267,0.005976468459989526
ball_tree,standard_normal_data,25,10,50000,0.0898269812266032,0.003219939605707508,44.053142786026,0.05460471814372827
ball_tree,standard_normal_data,25,10,100000,0.24817816416422525,0.0035908935596763,115.14310963948569,0.2991641998374172
ball_tree,standard_normal_data,25,100,10000,0.01541248957316081,0.005270268461083927,2.8316737016042075,0.009126428129603804
ball_tree,standard_normal_data,25,100,50000,0.08445962270100911,0.0011854305112710395,44.32470051447549,0.07420301066489253
ball_tree,standard_normal_data,25,100,100000,0.23694602648417154,0.0023533304638883425,115.52606574694315,0.010271784136453587
ball_tree,standard_normal_data,30,10,10000,0.015111605326334638,0.0012909900342416374,2.8451691468556723,0.0018475879001660965
ball_tree,standard_normal_data,30,10,50000,0.10814682642618816,0.004900916048323038,51.0164414246877,0.09306885433738374
ball_tree,standard_normal_data,30,10,100000,0.3045926094055176,0.0016818465447642095,128.63128558794656,0.08867568126789639
ball_tree,standard_normal_data,30,100,10000,0.017441193262736004,0.00527349090882754,3.154221296310425,0.010465220710876005
ball_tree,standard_normal_data,30,100,50000,0.1002354621887207,0.0002422901365923166,50.1555757522583,0.2866935406838098
ball_tree,standard_normal_data,30,100,100000,0.2933230400085449,0.002283923167820591,128.8157273133596,0.4748559777827354
